Country,Cluster,Cluster_Center_Latitude,Cluster_Center_Longitude
Albania,0,40.85378969941244,19.81824802479743
American_Samoa,0,-14.320531,-170.723092
Andorra,0,42.52623656982731,1.546987834463991
Anguilla,0,18.20460075,-63.06733425
Antigua_and_Barbuda,0,17.674864666666668,-61.77837433333333
Argentina,0,-40.70332456365931,-68.41754731716179
Argentina,1,-25.720203286885425,-65.22249428680281
Argentina,2,-31.30070315147508,-60.69864033855993
Argentina,3,-49.47134807305728,-68.54531123405997
Argentina,4,-31.96888032561985,-68.9157718526185
Argentina,5,-38.39694148913539,-63.80345472661288
Argentina,6,-34.080588517965985,-58.76978072345668
Argentina,7,-29.705721748602496,-59.33932239118279
Argentina,8,-46.141198455639774,-70.59828888673344
Argentina,9,-25.30377170207916,-59.55699329346835
Argentina,10,-28.41038629915421,-65.82492136681485
Argentina,11,-36.35932079745378,-64.97362487796677
Argentina,12,-44.44973213724796,-66.99435807248005
Argentina,13,-54.37981853711612,-67.25637578179295
Argentina,14,-27.025505706456315,-54.57866859945861
Argentina,15,-48.783947964999456,-71.59506819973639
Argentina,16,-33.89733679654766,-65.91605180941431
Argentina,17,-39.5255398892047,-70.46850213870738
Argentina,18,-47.26899366888093,-66.62557846033351
Argentina,19,-33.76979364154746,-61.46624758476009
Argentina,20,-36.446896953927805,-57.27983086716794
Argentina,21,-35.225944229979795,-68.99214395041378
Argentina,22,-43.60747232603724,-70.7420150082371
Argentina,23,-41.391557150412,-64.82223239424755
Argentina,24,-38.22387496911045,-66.76292742307636
Argentina,25,-38.31535462919,-61.69596766544621
Argentina,26,-51.05351427884667,-70.81494410943588
Argentina,27,-29.41990400396643,-67.79686018828335
Argentina,28,-31.971638392435896,-64.262720002183
Argentina,29,-23.47902765120229,-64.88846993362914
Argentina,30,-27.589223970468097,-61.7917434443262
Argentina,31,-28.415110752746138,-57.33799771388733
Argentina,32,-36.95562295189065,-60.18522820013085
Aruba,0,12.531725333333332,-70.01726833333333
Australia,0,-34.173505568268794,144.3325600576719
Australia,1,-26.49812047469785,118.41293552948686
Australia,2,-17.83434690393611,145.22558589459956
Australia,3,-29.816795256905152,149.73362213148906
Australia,4,-15.96849053906104,133.32105567315563
Australia,5,-34.468090387493746,138.7863649927702
Australia,6,-22.64080412885248,139.6340351564916
Australia,7,-32.03135137729673,121.06795695126988
Australia,8,-25.1268618843424,132.48867807167306
Australia,9,-27.74563872732632,144.62137544433932
Australia,10,-38.79995063368512,147.47227340391345
Australia,11,-27.525837514889957,152.51475435892266
Australia,12,-22.15284073732272,118.2402808835006
Australia,13,-32.93731919127459,116.14399027677564
Australia,14,-23.137871624633103,148.30467666346635
Australia,15,-11.11966394068893,142.52710980404686
Australia,16,-40.82976838142504,145.3410221594113
Australia,17,-21.18980791581068,142.92001523841793
Australia,18,-33.81107785802347,150.64204679770546
Australia,19,-31.530606922480445,133.90480166781663
Australia,20,-29.037882913274707,167.94851738564722
Australia,21,-19.37624632951749,139.53999255737702
Australia,22,-25.553091021309204,114.15319518180412
Australia,23,-17.877123051479327,123.50557058439728
Australia,24,-27.32534442731924,148.18457708215917
Australia,25,-36.90064049278711,140.90626505230506
Australia,26,-31.95033697742592,146.77875696833888
Australia,27,-31.698549486321863,141.9746630983287
Australia,28,-24.21461011083439,143.76009065790723
Australia,29,-36.21626004681271,149.04033735235726
Australia,30,-34.84251895664319,136.82077181754605
Australia,31,-19.612788654895564,134.25909594431212
Australia,32,-33.77689141038111,118.41529851200852
Australia,33,-31.783618607053043,128.45520087059313
Australia,34,-37.3213240629386,145.7587427613506
Australia,35,-37.56860119765308,143.46030430976444
Australia,36,-24.566840211124784,151.37317887423558
Australia,37,-15.765297601447266,144.58636677913515
Australia,38,-22.498391184621035,114.99238932613164
Australia,39,-20.37328662289204,147.75562119217966
Australia,40,-28.595514500856343,115.02574354246522
Australia,41,-18.19524743068205,141.7517713644871
Australia,42,-20.37124444140756,120.0930587513127
Australia,43,-23.110107533781484,134.34776254340684
Australia,44,-16.59715503045122,128.08256470050486
Australia,45,-34.2564807112494,148.1670552303586
Australia,46,-42.22313879021628,147.23254655336544
Australia,47,-16.216328927066154,135.9794535186674
Australia,48,-32.06913756801848,137.4021380736232
Australia,49,-34.25283815279829,141.43242806436163
Australia,50,-29.15056314162548,121.2467402866662
Australia,51,-31.039525334644164,152.09825209228322
Australia,52,-25.78627779891655,140.07648544270094
Australia,53,-30.472225715416897,116.2844444693304
Australia,54,-13.935922695033062,131.49575675955467
Austria,0,47.69225245657478,15.384905792447126
Austria,1,47.2855900925,10.716696902785714
Austria,2,47.50816808138779,13.24064327916221
Bahamas,0,25.366938166666667,-78.65104583333333
Bahrain,0,26.20162404139602,50.56250359611079
Bangladesh,0,25.76996912583293,89.44514439396733
Bangladesh,1,23.981983798200936,89.86751359734414
Bangladesh,2,23.331336650415132,91.76603636554584
Barbados,0,13.142345,-59.485641
Belarus,0,53.586252860092245,26.456512025370145
Belgium,0,50.52872462586741,4.757583382990964
Bermuda,0,32.28544,-64.7861176
Bhutan,0,27.362918482786363,90.70891702042874
Bolivia,0,-16.078172976386483,-65.96196531983269
Bosnia_and_Herzegovina,0,44.33645643038356,17.021679867304254
Botswana,0,-21.0101647785196,22.457623506848343
Botswana,1,-21.08660860194587,26.44245726271116
Botswana,2,-24.794145764180485,23.67316953385908
Brazil,0,1.2242581764613707,-51.348776242306414
Brazil,1,-22.130568509479914,-47.99101180674509
Brazil,2,-12.838431800408587,-42.99691377598589
Brazil,3,2.546321636547253,-60.59040720058924
Brazil,4,-12.657810333728154,-58.96718497562951
Brazil,5,-27.83993755784349,-49.33386958405214
Brazil,6,-7.411507247418842,-44.79549978982212
Brazil,7,-15.673110862313864,-55.64575715373485
Brazil,8,-4.46426493947733,-38.26130886412301
Brazil,9,-9.88259689562981,-63.70887112806077
Brazil,10,-31.882793908723823,-53.52255756232459
Brazil,11,-21.8422006045037,-42.74815762691112
Brazil,12,-7.73319554287635,-71.23870743339842
Brazil,13,-16.179744507881388,-48.98898471015261
Brazil,14,-26.1558776374522,-52.798947813894586
Brazil,15,-10.7143198496038,-51.09981504898192
Brazil,16,-2.471091686976248,-59.633737553701046
Brazil,17,-10.259167137155991,-37.085321910425485
Brazil,18,-2.9578215214586656,-44.52185773228978
Brazil,19,-12.175828912962652,-39.57827708121546
Brazil,20,-19.341986172051428,-44.74569647953382
Brazil,21,-23.07748414267447,-51.81925067877838
Brazil,22,-9.159231545064577,-48.55457518852044
Brazil,23,-21.495229214346487,-55.667687493087854
Brazil,24,-29.849983737491115,-51.52935489801565
Brazil,25,-3.319112320585262,-54.24013033899965
Brazil,26,-19.41442183588465,-40.60082628534436
Brazil,27,-4.644143232158957,-41.72977096317595
Brazil,28,-11.521357523323337,-55.45048717370985
Brazil,29,-19.01609560649298,-48.4596358604706
Brazil,30,-1.8666715925170771,-48.11320009066469
Brazil,31,-12.275564001837056,-48.63295650228766
Brazil,32,-5.611455882163368,-47.23011246712544
Brazil,33,-10.948620211554523,-45.32996710796935
Brazil,34,-8.645639657116668,-40.84177299858848
Brazil,35,-21.18200546923574,-50.308700138509145
Brazil,36,-16.169599044970287,-45.17959974873651
Brazil,37,-29.350963081962007,-54.87702275412958
Brazil,38,-9.899088841418484,-67.53761732198679
Brazil,39,-4.161258082805924,-62.31842533211746
Brazil,40,-7.103436124367521,-35.42784096813186
Brazil,41,-15.39539737112432,-52.22502708267677
Brazil,42,-5.136584234179304,-49.91767905847763
Brazil,43,-25.235399325251,-49.30150065528868
Brazil,44,-7.723358535965048,-38.38395026688284
Brazil,45,-18.871064040187296,-53.46346282067313
Brazil,46,-23.16388865496006,-45.88413673061672
Brazil,47,-15.655535090724904,-40.66036518801469
Bulgaria,0,42.3774329046062,24.57935723498033
Bulgaria,1,42.36674695902712,27.315601716574463
Bulgaria,2,43.95641891319522,27.10293666653149
Canada,0,51.15235747830769,-108.37738593076924
Canada,1,45.7854718206383,-66.96702182489362
Canada,2,61.04778427313725,-133.30449727058823
Canada,3,43.04038709256881,-81.24565088376147
Canada,4,52.30127061484375,-117.2188671828125
Canada,5,47.79680499647727,-54.172279104431816
Canada,6,50.372645351428574,-98.11148382238096
Canada,7,45.928251734545455,-74.02229850168831
Canada,8,61.5910157616129,-121.3789071483871
Canada,9,54.12330054253968,-122.82560955714284
Canada,10,48.94330410934426,-87.30793602
Canada,11,65.92886855714286,-65.95237745714286
Canada,12,48.24809654954545,-79.1823646025
Canada,13,47.42339077135802,-70.02354860493827
Canada,14,59.597853375,-93.71484175
Canada,15,59.98136009647059,-129.23698823529412
Canada,16,49.4026993720548,-124.10527540684932
Canada,17,61.51620707890909,-115.97558226
Canada,18,51.462626835,-76.3612145562
Canada,19,48.78323704444445,-65.55173355466667
Canada,20,50.65891347747253,-114.04622815604397
Canada,21,45.734778395375,-63.6376512915
Canada,22,46.57783878371429,-82.75766447671428
Canada,23,61.230117214,-136.74487975777777
Canada,24,44.44838876525773,-78.12789564340206
Canada,25,54.1505974125,-100.256765625
Canada,26,54.706076951463416,-112.31617437317072
Canada,27,74.703085,-94.904664
Canada,28,65.12490003027779,-137.66883475833333
Canada,29,55.24786286566667,-129.29797671666665
Canada,30,58.89683314551724,-124.7992057137931
Canada,31,51.07379543344828,-120.42208524482758
Canada,32,49.7267636425,-91.82834834409093
Canada,33,53.630566659230766,-63.7553694976923
Canada,34,51.95066128081633,-104.2709304755102
Canada,35,54.97691374227273,-79.97106042272728
Canada,36,48.18662416139535,-58.79425221790698
Cayman_Islands,0,19.28684075,-81.3188665
Chile,0,-19.06452358344311,-69.65911901697109
Chile,1,-36.962972531683846,-72.77334352123383
Chile,2,-50.67802132247661,-72.65224172335778
Chile,3,-32.648881080145344,-71.08265839310975
Chile,4,-43.53275104641653,-72.25944636483807
Chile,5,-27.823645453133818,-70.20325288895418
Chile,6,-54.7577444118431,-68.15110885624127
Chile,7,-34.9369844167606,-71.37019391037573
Chile,8,-23.219173078290908,-69.48503630918786
Chile,9,-39.07460236777407,-71.61861565837141
Chile,10,-46.54302898587107,-72.46642137464323
Chile,11,-40.93449008939713,-72.98177779384858
Chile,12,-52.49452804851227,-70.06161673527146
Chile,13,-26.0506338058537,-69.99213167223198
Chile,14,-21.071895984227226,-69.8534292650608
Chile,15,-29.99077325047194,-71.10694903121099
Colombia,0,5.248363747972569,-73.8673247536067
Colombia,1,12.93355583995923,-81.55404979202183
Colombia,2,2.327075878845821,-76.20079860061396
Colombia,3,9.392603057384925,-74.8763538479629
Costa_Rica,0,7.687137724818181,-85.30578246636364
Croatia,0,44.67550955978225,16.62374687698139
Croatia,1,44.88201307729785,14.32782305012247
Cura√ßao,0,12.161074285714284,-68.95785942857142
Cyprus,0,35.02699918285264,33.24768715054581
Czech_Republic,0,50.45860947384677,13.943385463194875
Czech_Republic,1,49.88780012023849,17.845086602590865
Czech_Republic,2,49.50509362590882,15.549359673317207
Denmark,0,54.97269151351151,9.966303397576532
Denmark,1,55.06058035952381,15.03184379857143
Denmark,2,56.89320482915793,10.004667787473531
Denmark,3,55.65359815618229,8.805352246554621
Denmark,4,55.674544567055456,12.0368555293954
Dominica,0,19.39549473428572,-69.50580781
Dominican_Republic,0,18.75684520142857,-69.27807050619047
Ecuador,0,-1.3017763473597623,-79.09001256308497
El_Salvador,0,13.571546843076923,-88.6364590876923
Estonia,0,58.94554330117691,24.41973362541169
Estonia,1,58.86163226575882,27.462063308009736
Estonia,2,58.49499885817062,22.48968522643745
Estonia,3,58.713422310716616,25.978452544100136
Eswatini,0,-25.88446566762209,31.30879520224322
Faroe_Islands,0,61.91608718270833,-6.807831549583334
Fiji,0,-17.84315682324682,178.1675112865707
Finland,0,62.514637629245286,30.29674170735849
Finland,1,63.83323622471698,24.06281988471698
Finland,2,66.59652812453125,26.5252377753125
Finland,3,60.07152347928572,19.625887389285715
Finland,4,60.93838343945946,26.512934182702704
Finland,5,66.8859715754717,28.24219883849057
Finland,6,65.43364267405798,29.12592276521739
Finland,7,61.64523885851064,21.85970488425532
Finland,8,67.85795764754717,24.027074549056604
Finland,9,64.7418292796,27.6991491052
Finland,10,62.28975665983333,24.94260813733333
Finland,11,60.2431925063492,24.737879436666667
Finland,12,61.4265437024,28.3597978182
Finland,13,63.23534287622641,28.95143628
Finland,14,62.558451309411765,26.92762746647059
Finland,15,64.51675486394737,25.741224482105263
Finland,16,60.56163063864407,22.930531327796608
Finland,17,66.18262264851064,24.49250534319149
Finland,18,62.93395658709091,22.375315494
Finland,19,68.893960714,21.164827299
Finland,20,69.14710229883117,27.11886765948052
France,0,46.768710302,-0.3501656286888889
France,1,-17.246581,-150.479026375
France,2,-22.05859793,166.20319732500002
France,3,47.15636096333333,-56.284578403333335
France,4,47.292067683098594,5.313980820352113
France,5,-21.21996178,55.4013931
France,6,3.858261956,-51.8220396
France,7,42.45323655975,9.24811003345
France,8,50.50589551114285,2.7364932622142857
France,9,43.64335519609756,3.612836523829268
France,10,47.98521722232877,-3.2265105967123286
France,11,16.2990246975,-61.491380975
France,12,43.75950319380952,1.182733424440476
France,13,48.84370314016129,3.616754941435484
France,14,43.98233045168317,6.711169545910892
France,15,45.61563274177215,2.371797699772152
France,16,48.6024515755,7.536078061983334
France,17,48.57195554283784,-1.3428789933243244
France,18,-12.87296257,45.11892054
France,19,49.02991650117021,1.2535523099042556
France,20,45.38330729438356,5.481991882999999
France,21,43.1199233074359,-0.4909365209487181
France,22,-22.6492302,-152.79733592500003
France,23,49.140313616760565,5.313722890014086
France,24,45.158469346455696,-0.3379198621012657
France,25,-15.504916147500005,-146.65422934999998
France,26,47.282885551547615,2.9270582683452377
French_Polynesia,0,-17.67770048113812,-150.70697113436458
Germany,0,53.65531370851064,12.745393369148935
Germany,1,48.69687647396226,12.245655756226416
Germany,2,50.310857969062496,7.147887979781251
Germany,3,51.713444910344826,13.980229504655172
Germany,4,53.36131370787879,9.683864347454543
Germany,5,51.10312646583333,10.9877528654
Germany,6,52.23817671590909,7.200438695977272
Germany,7,48.16277455312501,9.138159086416668
Ghana,0,7.616455792067927,-1.1240808784003455
Greece,0,41.06356707659963,25.29038058188776
Greece,1,37.99920016847678,22.51506211306128
Greece,2,38.05760927768026,26.40118106899565
Greece,3,40.19502177175504,21.8100366722554
Greece,4,35.64015323842769,25.56444801640735
Guadeloupe,0,16.33728662,-61.53326405
Guam,0,13.473572647998273,144.76279898339467
Guatemala,0,15.779483309411765,-90.42346215
Haiti,0,18.573145,-71.728891
Hong_Kong,0,22.37485289855981,114.11534170336576
Hungary,0,46.68531206490384,20.408150052106183
Hungary,1,47.14151377338605,17.136697284324804
Hungary,2,48.05010364615765,21.441298773473395
Hungary,3,47.29215606131085,18.920111379227663
Iceland,0,65.44394939711246,-23.366994128000957
Iceland,1,64.88212134412159,-15.58340740890648
Iceland,2,65.5447738233652,-20.84787090867813
Iceland,3,65.63558792654545,-18.17037029098766
Iceland,4,65.04638740656789,-14.137387311312605
Iceland,5,64.13028025197136,-21.92641972960914
Iceland,6,63.85249975465325,-20.4787374511056
Iceland,7,65.16446707569371,-22.378017046263057
Iceland,8,65.72892697437325,-19.313287900018263
Iceland,9,63.95574996269752,-16.800590627855392
Iceland,10,65.96192925833199,-16.317200258009663
Iceland,11,63.69018275615426,-19.060602458096007
Iceland,12,66.0732818832715,-15.070995629508673
India,0,25.34858288376627,74.4639815163958
India,1,16.89842887140448,81.24283651034813
India,2,23.13677701978636,86.55330760948392
India,3,11.487149131226868,78.7739567738647
India,4,24.80374514742059,81.2252577121234
India,5,29.35092490433098,78.9432844801773
India,6,27.823462498649448,94.88487380146626
India,7,19.389493475952538,74.67315287730112
India,8,11.59279822443683,92.68644637903851
India,9,20.694470353468446,73.48485496289545
India,10,23.39237722307536,77.69532709330828
India,11,14.379806787232402,74.93587807859083
India,12,19.256206116195848,82.45576883246767
India,13,29.65219413394544,75.05368262688098
India,14,22.874797423393115,71.92810657063612
India,15,26.32712756388017,90.60887484779587
India,16,18.40252742865873,78.95014105384044
India,17,11.857812634259137,75.90528833619982
India,18,13.678753618754378,77.22563836162328
India,19,27.07126016406433,70.62945698434453
India,20,20.09054375214377,84.86530618218151
India,21,25.066349720759547,79.17286715229604
India,22,27.251193441144864,75.92983762873617
India,23,21.577681474432254,77.68667238504233
India,24,26.861274636033837,83.55233601792384
India,25,11.043500010811478,72.43242472845525
India,26,9.497796631789727,78.33692665151383
India,27,25.94583134741335,92.41357063563753
India,28,32.23580291672584,77.97496972779602
India,29,21.335408279866453,70.98698778061987
India,30,25.97168820053861,87.55947832424812
India,31,23.325568624020004,83.7332767257263
India,32,23.223827195074858,91.90472336505827
India,33,13.730700468602338,79.28053361294758
India,34,17.120739206613962,73.78514869220633
India,35,23.315638171549654,88.06210551311199
India,36,22.54471506580612,74.9886240889043
India,37,22.69392666635032,79.20414896493082
India,38,16.86313378707122,77.51807028639448
India,39,21.25005320608503,83.6128507938117
India,40,27.48926909521505,79.45644613775993
India,41,24.91850351248815,72.11958831582398
India,42,21.90513223996002,81.79668602662157
India,43,22.860370812514702,70.51111415875485
India,44,23.67108220394855,73.49525512363599
India,45,20.52972914270817,80.14211951080891
India,46,18.639110416892947,83.58681547181567
India,47,10.024111473498571,76.75219366596286
India,48,15.666112308784218,76.1728131333973
India,49,16.043697288965088,79.29437064822838
India,50,27.9834490282824,77.5227772968896
India,51,31.016924005538705,76.02726426475424
India,52,26.00292795197611,73.49094165368754
India,53,25.622886617700043,84.67162124216347
India,54,25.838777109337755,78.13184734686185
India,55,20.07866224823977,77.88691662319324
India,56,27.42137118294587,80.73030382490067
India,57,24.89629828157133,76.24588393887493
India,58,27.9174154903933,73.86986948215383
India,59,26.306521339478746,71.66615097861617
India,60,20.777691397201263,76.08826595742681
India,61,18.660939202925565,76.08787286107155
India,62,21.14039659460578,85.64025281533445
Indonesia,0,-7.433897361417673,111.73536707164496
Indonesia,1,-0.1969037849449431,100.33994925126794
Indonesia,2,-1.2376660281341234,122.47013494823231
Indonesia,3,-2.0752999814323343,115.77339387173345
Indonesia,4,-2.4717298222417274,107.07080977840592
Indonesia,5,-8.887309717607943,120.66972374122057
Indonesia,6,-6.533566336269087,106.3810892220597
Indonesia,7,2.831791336851443,98.755278638564
Indonesia,8,-1.5762698251259375,131.77796317490225
Indonesia,9,-4.156480841890575,104.3521746913418
Indonesia,10,-4.921809648583944,121.6488346883252
Indonesia,11,0.8195058609216841,122.26779768758033
Indonesia,12,2.294654338823477,101.68598825071528
Indonesia,13,-8.486798961661462,115.5317800935986
Indonesia,14,0.6514626692089132,112.09419685838591
Indonesia,15,-9.24149808925274,124.9091492012912
Indonesia,16,2.075105936442234,117.42347462579988
Indonesia,17,-1.7041131811660313,102.62954225385285
Indonesia,18,-2.6153478876033893,120.30011785042248
Indonesia,19,-6.097251586353252,138.59468153588713
Indonesia,20,-1.6849391305419217,110.40500420515173
Indonesia,21,-7.18709979353528,108.90367628916466
Indonesia,22,0.91575982819664,127.52911325122508
Indonesia,23,1.1138068408027646,124.78724780394155
Indonesia,24,-0.6201452839150594,120.36831892379418
Indonesia,25,0.9365522682217228,104.1086161252529
Indonesia,26,-2.414732076679304,113.21283451438272
Indonesia,27,1.0464580464397737,109.72432539472094
Ireland,0,54.51060619793215,-8.301160364567023
Ireland,1,52.02138470391793,-9.601392613395054
Ireland,2,52.83161351830573,-6.530415712460545
Ireland,3,53.72328108221018,-9.577990207846586
Ireland,4,55.14917178901777,-7.229444259991323
Ireland,5,52.598049777203336,-7.834388324554738
Ireland,6,53.94932222345762,-6.734517830834721
Israel,0,31.9271415964348,34.97926710416535
Italy,0,45.41910823958505,7.344721425443388
Italy,1,38.79315872391968,16.25369397165646
Italy,2,42.93091907995215,11.915500686530317
Italy,3,41.05237054306733,8.728455928686339
Italy,4,37.65329324385208,12.871630139438828
Italy,5,46.11130823403155,11.253198959428197
Italy,6,40.5368990586869,17.754522050278368
Italy,7,41.295534418778175,14.077352693580591
Italy,8,42.94249205731738,9.912446195201737
Italy,9,40.96412452657784,16.521313188036704
Italy,10,37.11772353514413,14.759590102350511
Italy,11,45.87599017508028,13.042026871775128
Italy,12,44.25594734916982,7.862980923216932
Italy,13,39.89212986858413,9.065591348721597
Italy,14,45.947168843355946,8.692179992702982
Italy,15,40.66497748031813,15.449290190357807
Italy,16,44.87485785721649,10.312283135165096
Italy,17,42.85882191543478,13.401434218260867
Jamaica,0,18.3135808,-77.38994262571428
Japan,0,35.61793083420594,139.29037763194435
Japan,1,33.464080640379265,129.29711100404324
Japan,2,43.11450504311574,140.62759478852828
Japan,3,24.43186020238256,124.34291739679202
Japan,4,34.4710953620773,134.26590901142436
Japan,5,28.41285579714921,129.47339572451853
Japan,6,43.329488713549765,142.3670017472513
Japan,7,38.13776392747023,139.90658389303687
Japan,8,35.34802609635461,137.0728665584548
Japan,9,40.27772606467795,140.8896190395291
Japan,10,34.14939255489702,131.2548624074343
Japan,11,31.113620310791223,130.64921616562555
Japan,12,26.86500926054061,127.83399856030488
Japan,13,43.66965958529882,144.340650814625
Japan,14,33.236231620570805,131.2063138757064
Japan,15,42.12249456867464,139.77751004219647
Japan,16,32.9900431620711,139.8334054834285
Jordan,0,30.47544380718668,35.612012877049125
Kazakhstan,0,49.13296527219394,56.60712596395055
Kazakhstan,1,51.49661773832504,73.0205961948641
Kazakhstan,2,43.73059833267951,67.867738801884
Kazakhstan,3,53.08540845067396,63.17223428602713
Kazakhstan,4,50.65639678453793,80.74679833236347
Kazakhstan,5,44.09013270133431,52.7801285618612
Kazakhstan,6,44.636515810574494,76.31356855972525
Kazakhstan,7,49.15817923164378,50.736081583305776
Kenya,0,0.5884678308014667,36.44316123627425
Kenya,1,-2.825303570852332,39.16610709779996
Kosovo,0,42.48810515247657,20.767318270061843
Kyrgyzstan,0,42.12566906335815,74.81985441571591
Laos,0,18.226337558635496,101.82289596479686
Latvia,0,56.99663757909274,26.71845589591525
Latvia,1,56.94496089267364,22.068435053068384
Latvia,2,56.96394631489557,24.240429593703382
Lebanon,0,33.9028525,35.69089483333333
Lesotho,0,-29.67737241759218,27.873347668535384
Liechtenstein,0,47.16587709685846,9.520323905201176
Lithuania,0,55.59572553021684,22.292706316862024
Lithuania,1,55.16765065630933,24.96248482381261
Luxembourg,0,49.707462249,6.1077961287
Macau,0,22.17673146446915,113.55120931910125
Madagascar,0,-17.00076273008476,47.60830370028777
Malaysia,0,2.172629080019088,111.34398431031356
Malaysia,1,3.890533637165024,102.48899889209588
Malaysia,2,5.401347533333333,119.17417493333332
Malaysia,3,4.530286736625129,114.238690506714
Malta,0,35.89714014103847,14.431595036065604
Martinique,0,14.635898,-61.05731
Mexico,0,17.41952847126582,-96.13232948025316
Mexico,1,26.99715508409091,-104.45435899090909
Mexico,2,20.864219314102563,-88.46034794076922
Mexico,3,26.331263087307693,-111.509576075
Mexico,4,20.11876489613636,-104.18777689318182
Mexico,5,28.651032556666667,-101.56826711333332
Mexico,6,30.693269573428573,-114.72275426
Mexico,7,20.89789561171875,-97.7236567959375
Mexico,8,30.517378885625,-110.7139858625
Mexico,9,24.174979529220774,-105.0244047987013
Mexico,10,15.7342062783871,-92.95750012580643
Mexico,11,18.108089079666662,-92.159904861
Mexico,12,18.5209587995,-99.04061709916668
Mexico,13,19.39522399105263,-89.51197714543859
Mexico,14,21.47006657314815,-101.5495816537037
Mexico,15,30.01586158685714,-106.62243532857144
Mexico,16,25.435428754363635,-99.74273258218182
Moldova,0,47.33565932697537,27.70413513501804
Monaco,0,43.73523876454881,7.420250639200538
Mongolia,0,47.54581311507324,102.10983424988844
Mongolia,1,46.99577238748776,113.64488065073104
Mongolia,2,48.47480643818352,92.08152175498336
Mongolia,3,46.74990968485725,107.06873377778103
Mongolia,4,48.08438527409732,97.67102045687162
Montenegro,0,42.24774257033188,19.11068296950681
Nepal,0,27.577281990102957,84.31638997081322
Netherlands,0,52.311906864241465,5.438550140515501
Netherlands,1,17.414838000000003,-62.81544999999999
New_Caledonia,0,-21.30075851435911,166.32398412582012
New_Zealand,0,-44.92185737183015,170.57702370605563
New_Zealand,1,-43.77710623957275,-176.56586136304784
New_Zealand,2,-37.55280246808783,175.37862948749375
New_Zealand,3,-39.06488008714064,175.62893380768293
New_Zealand,4,-41.61805279697637,171.83635293067823
New_Zealand,5,-45.38445389324725,168.5511160470041
New_Zealand,6,-34.99979314090857,173.2366800229947
New_Zealand,7,-38.055591696425445,177.68667148676616
New_Zealand,8,-42.32952665412849,173.24890695834995
New_Zealand,9,-35.760154753881494,174.1477370131058
New_Zealand,10,-40.48092954164475,175.0911194026352
New_Zealand,11,-43.13853540726716,171.06922604326826
Nicaragua,0,11.50361013,-85.61472147
Nigeria,0,9.68171599577424,8.499880304778825
Nigeria,1,7.001794902360138,5.679473360052989
North_Macedonia,0,41.56277274272338,21.71273512225604
Northern_Mariana_Islands,0,15.188328584708184,145.74210017241046
Norway,0,60.44963959742625,9.169856049077168
Norway,1,68.80337832657763,16.562262446151447
Norway,2,70.74300827447837,25.322043760332352
Norway,3,63.94751347482757,11.374921346800946
Norway,4,78.2973279938908,15.587241099965318
Norway,5,60.02563089929677,10.766561656859643
Norway,6,69.63435205118394,21.179914414468158
Norway,7,70.33861271406798,29.180714044971182
Norway,8,66.34394501779072,12.645367866562548
Norway,9,61.887071418831226,5.775983041715907
Norway,10,58.58415677924296,6.357634523560463
Norway,11,61.88587435420642,9.637452138573677
Norway,12,69.22956809133521,19.7175209172191
Norway,13,70.56618783784438,27.479802097701707
Norway,14,68.69619324301554,23.10615183019563
Norway,15,59.52010482241134,7.746166293450874
Norway,16,62.93865422299376,7.598856288030118
Norway,17,67.0209604846785,15.791631544418715
Norway,18,70.38884006857793,22.88253922932157
Norway,19,61.37687401032584,11.908138972135689
Norway,20,68.42929967366011,14.212455912670068
Norway,21,64.73199005612001,13.686378943159214
Norway,22,70.11647105861374,19.812325947516367
Norway,23,60.56721045864416,6.661555159101195
Norway,24,69.74338809014066,30.27475964434825
Norway,25,69.0125509750799,24.31501890175988
Norway,26,69.31810859213357,18.464095305735864
Norway,27,69.62792507626295,25.857803696862284
Norway,28,59.864481310595146,5.234786764350481
Norway,29,64.98727294674558,12.321138730326442
Norway,30,63.56640014348409,9.60029498737408
Norway,31,67.64064266814674,12.435380321898837
Norway,32,61.80971802466875,7.89467746168317
Norway,33,58.83668743588321,8.761669181326901
Norway,34,66.62052823973781,14.509353284219763
Norway,35,68.45407288032942,15.2641501610599
Oman,0,20.905383225806453,55.90088579032258
Panama,0,8.39616296060465,-80.18033879604651
Papua_New_Guinea,0,-9.037898558524104,142.946087595098
Paraguay,0,-24.126389562905,-57.067987808891054
Peru,0,-16.787750807706992,-71.03630333883802
Peru,1,-4.270808758170653,-73.34822817215004
Peru,2,-11.30148700440277,-76.34022188808513
Peru,3,-5.6233323325680615,-79.61817578733334
Peru,4,-8.502452848548756,-76.80264555982882
Peru,5,-14.41304792945958,-74.96239543844062
Peru,6,-12.8595720830368,-70.6490696216995
Philippines,0,14.172338564667545,121.33987674651864
Philippines,1,7.232016973475895,125.62094870952272
Philippines,2,10.169536837569552,125.06046164294776
Philippines,3,17.72782653887335,121.1412987366177
Philippines,4,10.265457603335593,118.9169185271296
Philippines,5,8.176761327808832,122.79875079410223
Philippines,6,5.508366167906695,118.964558599587
Philippines,7,12.218061729967538,122.90748825444288
Poland,0,53.81765526658294,18.467507104527897
Poland,1,52.92165039133752,20.84764370317739
Poland,2,51.46679729466531,16.356114277963023
Poland,3,51.078794403106606,22.94931390801772
Poland,4,53.2124650195198,15.271478216535296
Poland,5,50.17636954785947,21.01959261097355
Poland,6,53.434490212213895,22.90483957473498
Poland,7,51.24517681343564,18.661208514247864
Portugal,0,39.663453960620906,-7.905504980868467
Portugal,1,38.85618017632805,-27.4735117593916
Portugal,2,32.85556850291032,-16.654974608625515
Puerto_Rico,0,18.169345214,-66.321253937
Qatar,0,25.553850785714285,51.10669278571429
Romania,0,44.729988647570345,24.32864860867199
Romania,1,46.55996305291192,22.36070628303532
Romania,2,46.875142344440974,26.258549741608853
Romania,3,44.721413863772895,27.19762929148913
Russia,0,52.54639063081081,48.047656454324326
Russia,1,52.69168261617284,109.58805590987654
Russia,2,53.35810058921875,80.25694031765624
Russia,3,53.41332809588235,158.1365769352941
Russia,4,60.681434209375,29.82877510203125
Russia,5,51.23782110904762,128.37607934761903
Russia,6,56.47676917950495,61.25141256851485
Russia,7,44.59144910058139,39.9326534872093
Russia,8,43.79294156854839,133.4338470983871
Russia,9,63.38538559596491,75.01822626614035
Russia,10,53.95658852810811,38.784055335135136
Russia,11,60.33671809,47.84287329425532
Russia,12,56.064976079,92.32162860375
Russia,13,43.627127727142856,145.5635777142857
Russia,14,67.87433155597014,33.52432505074628
Russia,15,61.0589362185,150.73824428875
Russia,16,57.85440594246154,82.84548539569231
Russia,17,63.20394650818182,118.76356355
Russia,18,55.52954612254902,53.50399132803921
Russia,19,60.82501745411765,70.98456823843138
Russia,20,54.70510307258064,21.16899432403225
Russia,21,57.7231750381356,39.51774576830509
Russia,22,61.894357478108105,130.10479422972975
Russia,23,51.646591014468086,103.51538308723404
Russia,24,46.84849721673077,46.40426392019231
Russia,25,63.2671958090566,44.36039210924528
Russia,26,53.45197011296296,60.17366570351852
Russia,27,52.26098394434783,142.72510560869566
Russia,28,61.9228731458,50.1677764396
Russia,29,55.96834313862069,86.71396295051724
Russia,30,48.57195260617647,133.30718165882354
Russia,31,60.5986715172093,42.10645100511629
Russia,32,62.72691580707317,33.583760337560975
Russia,33,53.27464766419355,33.92289048016129
Russia,34,51.4329169975,42.04452490632353
Russia,35,47.39472548020409,142.32249109999998
Russia,36,55.7418509885,71.88573637025
Russia,37,65.422746795,56.59279488291666
Russia,38,65.10667394862068,66.97558199965518
Russia,39,52.55341364285714,86.53674599367346
Russia,40,51.78366771627907,56.12852464441861
Russia,41,55.63201161171428,32.76181759885715
Russia,42,64.006199069,144.50398959
Russia,43,56.031844468985504,41.9313813357971
Russia,44,55.32729988367347,123.58893970408164
Russia,45,51.41059300414141,106.66060185050506
Russia,46,46.948620386375,40.704166714125
Russia,47,61.9984984046875,113.92726604375
Russia,48,61.007886525660375,64.67821452849057
Russia,49,55.71129866322034,46.65289762186441
Russia,50,55.2799780054321,74.46403778876544
Russia,51,50.94169662189189,39.135095271891885
Russia,52,53.088099144848485,113.8541064121212
Russia,53,54.82371774012987,49.55018384675324
Russia,54,59.33780821714286,31.55631042339286
Russia,55,56.71056470222222,102.64867275555557
Russia,56,63.75243948766666,40.407494755
Russia,57,63.337312822,123.527040875
Russia,58,53.12289784901961,51.1091685472549
Russia,59,45.30070140217392,37.24171440695652
Russia,60,55.5274721695946,59.1746533127027
Russia,61,49.42564006964286,137.51440937142857
Russia,62,61.56863799378378,77.10228949783784
Russia,63,62.87303201243243,53.52926186243244
Russia,64,51.21764616410714,36.823800973392856
Russia,65,65.80069555545455,34.431567309318176
Russia,66,44.25263733,43.33049617988506
Russia,67,51.395111636034486,45.26091357896552
Russia,68,55.92540360963855,36.80406211987952
Russia,69,69.45009936,87.296124905
Russia,70,55.28307129729167,83.89587030041668
Russia,71,68.84649339285714,30.313312266
Russia,72,58.86256733857143,28.218454036813178
Russia,73,66.13852351571428,71.39508779392857
Russia,74,65.99495443435897,78.0061614448718
Russia,75,59.65031911520408,34.25379203714285
Russia,76,61.65703961692308,127.74039921923078
Russia,77,58.51418888578947,56.83027656894737
Russia,78,51.87865751333333,91.92266596181818
Russia,79,55.246332212666665,99.09156910666668
Russia,80,56.87265096596492,64.85120797894737
Russia,81,62.425955295,134.16448087499998
Russia,82,59.40789716738095,51.96000254928572
Russia,83,57.4585647375,45.07681978928571
Russia,84,56.07947413916666,159.77528098333332
Russia,85,64.64345814133334,30.618923181111107
Russia,86,43.03979000060606,47.08961748333334
Russia,87,57.32347262,68.57750296583333
Russia,88,58.58803290448276,49.76084190517241
Rwanda,0,-1.7403668275487367,30.012672721232452
Saint_Kitts_and_Nevis,0,17.345996999999997,-62.7764515
Samoa,0,-13.966419274622725,-171.5976349224065
San_Marino,0,43.943284,12.4540597
Saudi_Arabia,0,24.282182,45.473067692307694
Senegal,0,14.526813184615264,-15.827105483032568
Serbia,0,44.732412264105214,20.78481140434849
Singapore,0,1.340824166296278,103.8370509553819
Sint_Maarten,0,18.024006,-63.044887
Slovakia,0,48.47453447953674,19.2206875819176
Slovenia,0,46.26787930690756,14.84907644469464
South_Africa,0,-33.154537522984846,22.590797907606355
South_Africa,1,-28.23190128874952,27.51940222031289
South_Africa,2,-27.94011465330806,21.18243744776403
South_Africa,3,-34.08071285482414,19.203586406255532
South_Africa,4,-24.559483791396023,30.76168334942967
South_Africa,5,-32.5612379505595,27.391319450985737
South_Africa,6,-29.2848932797482,30.484939231828875
South_Africa,7,-25.65212980034361,27.894497096791863
South_Africa,8,-30.490067499426143,25.010887069667767
South_Africa,9,-27.09868165121432,25.062215381108835
South_Africa,10,-31.469774090966048,18.46782504397766
South_Korea,0,35.526368120538045,127.4628181692997
Spain,0,39.20232880819096,-6.648746388583754
Spain,1,38.668193643600624,-0.2317209674959324
Spain,2,28.843442370021464,-13.702359519786375
Spain,3,42.62183120023113,-3.0736600421941973
Spain,4,40.736836628527975,3.138640138587298
Spain,5,42.48801781310364,-7.872370630178722
Spain,6,37.636122899939735,-2.6936611523527976
Spain,7,41.00804532439557,-2.4847021803740525
Spain,8,40.4321200926544,-4.637636302748758
Spain,9,42.49785638259231,-5.917218257643553
Spain,10,37.2299742436404,-5.515474036345916
Spain,11,28.330360777777777,-16.85188544444444
Spain,12,39.92604133532431,-0.7353350577865032
Spain,13,41.87477948545846,0.1275121031931068
Sri_Lanka,0,7.506138771798038,80.22210403670411
Sweden,0,57.767541202859206,13.82876201911832
Sweden,1,64.91631310847288,21.12035252357695
Sweden,2,64.07460818107648,15.863837465163524
Sweden,3,59.49467567038167,15.562121335678524
Sweden,4,67.9322224156869,18.54581692548633
Sweden,5,56.89162859003586,15.980778112660987
Sweden,6,64.516294451989,18.560621921296867
Sweden,7,61.36338038189227,12.826385412322855
Sweden,8,61.86734951740733,17.069363480391118
Sweden,9,66.80273982844949,19.858166464774637
Sweden,10,66.68174451144552,23.521860713686998
Sweden,11,55.973251189231085,13.402402894778357
Sweden,12,67.90547897248078,21.67842161141137
Sweden,13,59.48780719991173,17.864833557191975
Sweden,14,63.493360714712026,13.372046344846176
Sweden,15,66.20670400897308,15.532618940919397
Sweden,16,57.57020835772488,18.72679916864385
Sweden,17,58.0957632995526,12.215549708150151
Sweden,18,61.84348383367493,14.89783241082126
Switzerland,0,47.034436505448106,8.548284157542792
Taiwan,0,23.6581444384742,121.21071896484634
Thailand,0,15.79566253553328,99.79980733037829
Thailand,1,7.931040309146813,99.83833171766835
Thailand,2,15.238752062825371,104.62855780063065
Thailand,3,12.235131985580374,100.52710510143056
Thailand,4,19.172592580573436,99.7475265199212
Thailand,5,17.206946654263866,102.56313937849548
Trinidad_and_Tobago,0,10.694000325,-61.34692653
Tunisia,0,35.85177080019021,10.31189813089853
Turkey,0,39.4155491754386,42.385265543859646
Turkey,1,40.53474060377359,27.96741096226415
Turkey,2,40.8138214,33.778624525
Turkey,3,38.07384341666667,29.697007866666667
Turkey,4,38.61419197142857,37.79175322857143
Turkey,5,37.62750798245614,33.116083631578945
U.S._Virgin_Islands,0,17.7353345,-64.717099
Uganda,0,1.772791405526662,33.33532440581696
Ukraine,0,49.63064982306455,25.095261271395028
Ukraine,1,49.12658512477472,30.646560472080225
Ukraine,2,48.99353775679333,35.31209849849857
United_Arab_Emirates,0,24.26082875,53.513795375
United_Kingdom,0,58.42192885106383,-3.615528659574468
United_Kingdom,1,54.21218429508197,-2.618974983606557
United_Kingdom,2,51.61946902409638,0.7293643012048188
United_Kingdom,3,54.73857422413793,-6.764750689655172
United_Kingdom,4,51.5319992027027,-1.940234905405405
United_Kingdom,5,51.65851471428572,-4.323349936507936
United_Kingdom,6,56.24423812765957,-3.151227255319149
United_Kingdom,7,60.63267657142857,-1.1552298571428572
United_Kingdom,8,53.0683205,-0.5083840199999998
United_Kingdom,9,57.54424025,-6.3998057500000005
United_Kingdom,10,55.386107875,-4.730266075
United_States,0,33.49795138528522,-91.58848776135136
United_States,1,38.4656949377444,-107.4537870956192
United_States,2,60.85292368507471,-150.18183465354082
United_States,3,14.005405690121757,145.04649262686442
United_States,4,39.45508517763618,-77.11685234106729
United_States,5,42.33715340657525,-122.50302888899468
United_States,6,19.93154606964381,-155.82350085916272
United_States,7,47.75012229870089,-96.74079823582908
United_States,8,34.305747412248444,-82.23425685654233
United_States,9,38.38669520692336,-86.17113019490375
United_States,10,32.40515579150424,-95.64265804170398
United_States,11,32.28788237320161,-107.2595631598935
United_States,12,33.16829282347313,-114.8487308300796
United_States,13,38.13690022043818,-94.34402022522828
United_States,14,41.95258198795264,-71.04554307706037
United_States,15,46.29164239971119,-103.93064321987885
United_States,16,26.94525461248906,-80.87569917261396
United_States,17,59.42870251375266,-135.87456844069266
United_States,18,46.86160392952335,-111.37563317268058
United_States,19,41.21836954927862,-92.49261690387848
United_States,20,46.32459645665673,-90.51805082891823
United_States,21,37.06255003482782,-118.67382202640604
United_States,22,46.66573143043466,-119.2686330594892
United_States,23,-14.280356875458397,-170.64328448586429
United_States,24,54.361738095649,-164.97418251223624
United_States,25,30.021913356998404,-91.63283270494225
United_States,26,35.99205607166154,-99.54685476921472
United_States,27,18.079410868737472,-65.19222895780311
United_States,28,37.36612068843282,-112.81233295479416
United_States,29,30.336011923427314,-101.3560656943003
United_States,30,40.344154179877386,-104.2616214145934
United_States,31,63.39674754558773,-143.31539540414892
United_States,32,41.13280430660227,-81.65309799108286
United_States,33,36.024483886915256,-80.31715635910852
United_States,34,33.03706868139572,-86.4529272235241
United_States,35,42.248733100766856,-100.50377629854653
United_States,36,37.0801439464331,-90.01871479037675
United_States,37,43.3499375026564,-119.33495971628685
United_States,38,44.51625219427084,-73.61853492624411
United_States,39,42.48289429225154,-83.87843844465087
United_States,40,36.318975883473954,-95.5311672101723
United_States,41,35.01336463924567,-78.54145293602414
United_States,42,43.34812340372519,-94.04874521337688
United_States,43,28.884854759375525,-98.14037261946768
United_States,44,39.5159723894088,-89.26566770345957
United_States,45,64.7027440388579,-147.78673796011708
United_States,46,43.12711919595673,-97.3140802114395
United_States,47,48.09440787155307,-122.26487206196462
United_States,48,35.67081292787766,-85.61437280230857
United_States,49,32.72781677631845,-103.73610415292316
United_States,50,32.923047143124926,-112.384218845503
United_States,51,48.095892006559325,-102.17697320316292
United_States,52,40.052453102723405,-74.89744604218617
United_States,53,37.61744458017804,-97.3968816831053
United_States,54,45.74725133939364,-84.11059463540317
United_States,55,40.208046933165456,-112.03121555734236
United_States,56,28.0863332815638,-82.2968293663888
United_States,57,39.41619524821456,-122.62784301880662
United_States,58,30.38579245908596,-103.54130976942668
United_States,59,45.14837075483164,-68.7075620891948
United_States,60,51.91308261558783,-176.62537616231583
United_States,61,62.05524125253044,-145.77819827301118
United_States,62,56.14371588186293,-132.34427256186964
United_States,63,44.38023074960322,-88.24452641599433
United_States,64,41.46262398323288,-117.86355128988563
United_States,65,45.33257294467991,-108.88966588040856
United_States,66,44.00002375847685,-90.67338042129008
United_States,67,34.75082084416034,-118.8270688386066
United_States,68,42.27908254202894,-76.83276244302351
United_States,69,42.33171315384537,-106.19324732952808
United_States,70,66.88940732358415,-157.13911682523613
United_States,71,31.88553944431216,-98.5982080462638
United_States,72,36.186377517736105,-115.9781510918626
United_States,73,30.95385309970517,-88.21593374588929
United_States,74,29.885988099898864,-94.90279273157776
United_States,75,68.74088676407906,-150.36795737882085
United_States,76,35.45713436255296,-93.3010774363199
United_States,77,45.36641061493381,-121.26792664927846
United_States,78,43.97472115457576,-115.97494891039622
United_States,79,36.64798475024336,-76.42130670557891
United_States,80,39.9315415574156,-97.580899583437
United_States,81,33.459651835711696,-84.5840151386377
United_States,82,36.7069374658506,-104.94081946918271
United_States,83,21.702462994031094,-158.59164967065615
United_States,84,59.11160556568302,-155.34510256220418
United_States,85,38.54522949383564,-81.09054716503363
United_States,86,33.17476990818221,-80.58302414182
United_States,87,34.653708212738906,-113.35967516137347
United_States,88,42.05601495051738,-89.83997915354384
United_States,89,44.38969215030297,-71.18973429719406
United_States,90,70.127319,-143.6141446
United_States,91,42.12611299445999,-109.79157477672766
United_States,92,47.99420568658444,-99.04196154021332
United_States,93,34.52673657194532,-88.78032472086716
United_States,94,38.21240237227448,-101.65870616765604
United_States,95,38.47881794597605,-91.49458785530727
United_States,96,30.752390251695115,-85.70540307145399
United_States,97,45.41867283923175,-93.08581957959989
United_States,98,39.53753163805598,-119.4706111988616
United_States,99,35.364041689808055,-101.90613354912502
United_States,100,35.04164559030489,-109.2821424853391
United_States,101,38.55826308116696,-84.08201804283951
United_States,102,39.322493105754646,-115.71768793367352
United_States,103,43.61409823839836,-103.1141402275694
United_States,104,25.1585616206064,-80.93409478734569
United_States,105,36.32648469529802,-120.77391080306148
United_States,106,46.65539164286277,-87.64608611738305
United_States,107,34.57824103986532,-97.32292817038234
United_States,108,36.4493739607362,-82.81684864762661
United_States,109,42.8448863139607,-74.51592992679446
United_States,110,41.40659964782136,-87.34243296979072
United_States,111,47.16498253752184,-113.99687034599935
United_States,112,45.79666891661717,-99.99899979321285
United_States,113,32.39896042427935,-110.57806500573584
United_States,114,42.56229173590725,-112.78688391154309
United_States,115,32.354039592799275,-101.73823628083906
United_States,116,47.40281701669606,-94.6109625713778
United_States,117,42.00399143421943,-79.39777603902252
United_States,118,33.74763006480544,-116.80355892583572
United_States,119,30.514674484426685,-82.2080287771814
United_States,120,41.4909609485746,-72.65018866554578
United_States,121,45.05811369707406,-96.04058481560187
United_States,122,44.04267892958969,-85.98410402089885
United_States,123,40.89872379396415,-95.78396162683612
United_States,124,38.28365546441564,-110.6906865561929
United_States,125,38.07770380879455,-78.68307663294127
United_States,126,48.0428160228273,-117.08215665909792
United_States,127,34.97045832331845,-106.25811649260636
United_States,128,46.50694390384593,-85.54133720319982
United_States,129,37.55188664035159,-87.83981542825332
United_States,130,39.18155414440936,-99.35252571285795
United_States,131,45.56291661434407,-123.42008668307668
United_States,132,40.51042073118231,-84.85257516706302
United_States,133,47.18412156343433,-106.90038200740244
United_States,134,31.207237270253497,-90.15978935999352
Vietnam,0,14.202888875,106.1884284375
